ion,average_intensity
376.20195,100.32
221.12845,32.69
