neutral_loss,average_intensity
68.0626,108.67057
216.08988,67.34432
218.10553,105.51835
244.12118,164.53523
258.13683,115.85672
260.15248,95.30741
284.15248,109.44763