neutral_loss,average_intensity
68.0626,119.75077
218.10551,118.79371
244.12116,193.95287
258.13682,131.58037
260.15247,107.01793
284.15247,132.96549